Tower,Room,URL
A,101,https://emaar-guest-services.vercel.app/tower-a/?room=101
A,102,https://emaar-guest-services.vercel.app/tower-a/?room=102
A,103,https://emaar-guest-services.vercel.app/tower-a/?room=103
A,104,https://emaar-guest-services.vercel.app/tower-a/?room=104
A,105,https://emaar-guest-services.vercel.app/tower-a/?room=105
A,106,https://emaar-guest-services.vercel.app/tower-a/?room=106
A,107,https://emaar-guest-services.vercel.app/tower-a/?room=107
A,108,https://emaar-guest-services.vercel.app/tower-a/?room=108
A,109,https://emaar-guest-services.vercel.app/tower-a/?room=109
A,110,https://emaar-guest-services.vercel.app/tower-a/?room=110
A,111,https://emaar-guest-services.vercel.app/tower-a/?room=111
A,112,https://emaar-guest-services.vercel.app/tower-a/?room=112
A,113,https://emaar-guest-services.vercel.app/tower-a/?room=113
A,114,https://emaar-guest-services.vercel.app/tower-a/?room=114
A,115,https://emaar-guest-services.vercel.app/tower-a/?room=115
A,201,https://emaar-guest-services.vercel.app/tower-a/?room=201
A,202,https://emaar-guest-services.vercel.app/tower-a/?room=202
A,203,https://emaar-guest-services.vercel.app/tower-a/?room=203
A,204,https://emaar-guest-services.vercel.app/tower-a/?room=204
A,205,https://emaar-guest-services.vercel.app/tower-a/?room=205
A,206,https://emaar-guest-services.vercel.app/tower-a/?room=206
A,207,https://emaar-guest-services.vercel.app/tower-a/?room=207
A,208,https://emaar-guest-services.vercel.app/tower-a/?room=208
A,209,https://emaar-guest-services.vercel.app/tower-a/?room=209
A,210,https://emaar-guest-services.vercel.app/tower-a/?room=210
A,211,https://emaar-guest-services.vercel.app/tower-a/?room=211
A,212,https://emaar-guest-services.vercel.app/tower-a/?room=212
A,213,https://emaar-guest-services.vercel.app/tower-a/?room=213
A,214,https://emaar-guest-services.vercel.app/tower-a/?room=214
A,215,https://emaar-guest-services.vercel.app/tower-a/?room=215
A,301,https://emaar-guest-services.vercel.app/tower-a/?room=301
A,302,https://emaar-guest-services.vercel.app/tower-a/?room=302
A,303,https://emaar-guest-services.vercel.app/tower-a/?room=303
A,304,https://emaar-guest-services.vercel.app/tower-a/?room=304
A,305,https://emaar-guest-services.vercel.app/tower-a/?room=305
A,306,https://emaar-guest-services.vercel.app/tower-a/?room=306
A,307,https://emaar-guest-services.vercel.app/tower-a/?room=307
A,308,https://emaar-guest-services.vercel.app/tower-a/?room=308
A,309,https://emaar-guest-services.vercel.app/tower-a/?room=309
A,310,https://emaar-guest-services.vercel.app/tower-a/?room=310
A,311,https://emaar-guest-services.vercel.app/tower-a/?room=311
A,312,https://emaar-guest-services.vercel.app/tower-a/?room=312
A,313,https://emaar-guest-services.vercel.app/tower-a/?room=313
A,314,https://emaar-guest-services.vercel.app/tower-a/?room=314
A,315,https://emaar-guest-services.vercel.app/tower-a/?room=315
A,401,https://emaar-guest-services.vercel.app/tower-a/?room=401
A,402,https://emaar-guest-services.vercel.app/tower-a/?room=402
A,403,https://emaar-guest-services.vercel.app/tower-a/?room=403
A,404,https://emaar-guest-services.vercel.app/tower-a/?room=404
A,405,https://emaar-guest-services.vercel.app/tower-a/?room=405
A,406,https://emaar-guest-services.vercel.app/tower-a/?room=406
A,407,https://emaar-guest-services.vercel.app/tower-a/?room=407
A,408,https://emaar-guest-services.vercel.app/tower-a/?room=408
A,409,https://emaar-guest-services.vercel.app/tower-a/?room=409
A,410,https://emaar-guest-services.vercel.app/tower-a/?room=410
A,411,https://emaar-guest-services.vercel.app/tower-a/?room=411
A,412,https://emaar-guest-services.vercel.app/tower-a/?room=412
A,413,https://emaar-guest-services.vercel.app/tower-a/?room=413
A,414,https://emaar-guest-services.vercel.app/tower-a/?room=414
A,415,https://emaar-guest-services.vercel.app/tower-a/?room=415
A,501,https://emaar-guest-services.vercel.app/tower-a/?room=501
A,502,https://emaar-guest-services.vercel.app/tower-a/?room=502
A,503,https://emaar-guest-services.vercel.app/tower-a/?room=503
A,504,https://emaar-guest-services.vercel.app/tower-a/?room=504
A,505,https://emaar-guest-services.vercel.app/tower-a/?room=505
A,506,https://emaar-guest-services.vercel.app/tower-a/?room=506
A,507,https://emaar-guest-services.vercel.app/tower-a/?room=507
A,508,https://emaar-guest-services.vercel.app/tower-a/?room=508
A,509,https://emaar-guest-services.vercel.app/tower-a/?room=509
A,510,https://emaar-guest-services.vercel.app/tower-a/?room=510
A,511,https://emaar-guest-services.vercel.app/tower-a/?room=511
A,512,https://emaar-guest-services.vercel.app/tower-a/?room=512
A,513,https://emaar-guest-services.vercel.app/tower-a/?room=513
A,514,https://emaar-guest-services.vercel.app/tower-a/?room=514
A,515,https://emaar-guest-services.vercel.app/tower-a/?room=515
A,601,https://emaar-guest-services.vercel.app/tower-a/?room=601
A,602,https://emaar-guest-services.vercel.app/tower-a/?room=602
A,603,https://emaar-guest-services.vercel.app/tower-a/?room=603
A,604,https://emaar-guest-services.vercel.app/tower-a/?room=604
A,605,https://emaar-guest-services.vercel.app/tower-a/?room=605
A,606,https://emaar-guest-services.vercel.app/tower-a/?room=606
A,607,https://emaar-guest-services.vercel.app/tower-a/?room=607
A,608,https://emaar-guest-services.vercel.app/tower-a/?room=608
A,609,https://emaar-guest-services.vercel.app/tower-a/?room=609
A,610,https://emaar-guest-services.vercel.app/tower-a/?room=610
A,611,https://emaar-guest-services.vercel.app/tower-a/?room=611
A,612,https://emaar-guest-services.vercel.app/tower-a/?room=612
A,613,https://emaar-guest-services.vercel.app/tower-a/?room=613
A,614,https://emaar-guest-services.vercel.app/tower-a/?room=614
A,615,https://emaar-guest-services.vercel.app/tower-a/?room=615
A,701,https://emaar-guest-services.vercel.app/tower-a/?room=701
A,702,https://emaar-guest-services.vercel.app/tower-a/?room=702
A,703,https://emaar-guest-services.vercel.app/tower-a/?room=703
A,704,https://emaar-guest-services.vercel.app/tower-a/?room=704
A,705,https://emaar-guest-services.vercel.app/tower-a/?room=705
A,706,https://emaar-guest-services.vercel.app/tower-a/?room=706
A,707,https://emaar-guest-services.vercel.app/tower-a/?room=707
A,708,https://emaar-guest-services.vercel.app/tower-a/?room=708
A,709,https://emaar-guest-services.vercel.app/tower-a/?room=709
A,710,https://emaar-guest-services.vercel.app/tower-a/?room=710
A,711,https://emaar-guest-services.vercel.app/tower-a/?room=711
A,712,https://emaar-guest-services.vercel.app/tower-a/?room=712
A,713,https://emaar-guest-services.vercel.app/tower-a/?room=713
A,714,https://emaar-guest-services.vercel.app/tower-a/?room=714
A,715,https://emaar-guest-services.vercel.app/tower-a/?room=715
A,801,https://emaar-guest-services.vercel.app/tower-a/?room=801
A,802,https://emaar-guest-services.vercel.app/tower-a/?room=802
A,803,https://emaar-guest-services.vercel.app/tower-a/?room=803
A,804,https://emaar-guest-services.vercel.app/tower-a/?room=804
A,805,https://emaar-guest-services.vercel.app/tower-a/?room=805
A,806,https://emaar-guest-services.vercel.app/tower-a/?room=806
A,807,https://emaar-guest-services.vercel.app/tower-a/?room=807
A,808,https://emaar-guest-services.vercel.app/tower-a/?room=808
A,809,https://emaar-guest-services.vercel.app/tower-a/?room=809
A,810,https://emaar-guest-services.vercel.app/tower-a/?room=810
A,811,https://emaar-guest-services.vercel.app/tower-a/?room=811
A,812,https://emaar-guest-services.vercel.app/tower-a/?room=812
A,813,https://emaar-guest-services.vercel.app/tower-a/?room=813
A,814,https://emaar-guest-services.vercel.app/tower-a/?room=814
A,815,https://emaar-guest-services.vercel.app/tower-a/?room=815
A,901,https://emaar-guest-services.vercel.app/tower-a/?room=901
A,902,https://emaar-guest-services.vercel.app/tower-a/?room=902
A,903,https://emaar-guest-services.vercel.app/tower-a/?room=903
A,904,https://emaar-guest-services.vercel.app/tower-a/?room=904
A,905,https://emaar-guest-services.vercel.app/tower-a/?room=905
A,906,https://emaar-guest-services.vercel.app/tower-a/?room=906
A,907,https://emaar-guest-services.vercel.app/tower-a/?room=907
A,908,https://emaar-guest-services.vercel.app/tower-a/?room=908
A,909,https://emaar-guest-services.vercel.app/tower-a/?room=909
A,910,https://emaar-guest-services.vercel.app/tower-a/?room=910
A,911,https://emaar-guest-services.vercel.app/tower-a/?room=911
A,912,https://emaar-guest-services.vercel.app/tower-a/?room=912
A,913,https://emaar-guest-services.vercel.app/tower-a/?room=913
A,914,https://emaar-guest-services.vercel.app/tower-a/?room=914
A,915,https://emaar-guest-services.vercel.app/tower-a/?room=915
A,1001,https://emaar-guest-services.vercel.app/tower-a/?room=1001
A,1002,https://emaar-guest-services.vercel.app/tower-a/?room=1002
A,1003,https://emaar-guest-services.vercel.app/tower-a/?room=1003
A,1004,https://emaar-guest-services.vercel.app/tower-a/?room=1004
A,1005,https://emaar-guest-services.vercel.app/tower-a/?room=1005
A,1006,https://emaar-guest-services.vercel.app/tower-a/?room=1006
A,1007,https://emaar-guest-services.vercel.app/tower-a/?room=1007
A,1008,https://emaar-guest-services.vercel.app/tower-a/?room=1008
A,1009,https://emaar-guest-services.vercel.app/tower-a/?room=1009
A,1010,https://emaar-guest-services.vercel.app/tower-a/?room=1010
A,1011,https://emaar-guest-services.vercel.app/tower-a/?room=1011
A,1012,https://emaar-guest-services.vercel.app/tower-a/?room=1012
A,1013,https://emaar-guest-services.vercel.app/tower-a/?room=1013
A,1014,https://emaar-guest-services.vercel.app/tower-a/?room=1014
A,1015,https://emaar-guest-services.vercel.app/tower-a/?room=1015
A,1101,https://emaar-guest-services.vercel.app/tower-a/?room=1101
A,1102,https://emaar-guest-services.vercel.app/tower-a/?room=1102
A,1103,https://emaar-guest-services.vercel.app/tower-a/?room=1103
A,1104,https://emaar-guest-services.vercel.app/tower-a/?room=1104
A,1105,https://emaar-guest-services.vercel.app/tower-a/?room=1105
A,1106,https://emaar-guest-services.vercel.app/tower-a/?room=1106
A,1107,https://emaar-guest-services.vercel.app/tower-a/?room=1107
A,1108,https://emaar-guest-services.vercel.app/tower-a/?room=1108
A,1109,https://emaar-guest-services.vercel.app/tower-a/?room=1109
A,1110,https://emaar-guest-services.vercel.app/tower-a/?room=1110
A,1111,https://emaar-guest-services.vercel.app/tower-a/?room=1111
A,1112,https://emaar-guest-services.vercel.app/tower-a/?room=1112
A,1113,https://emaar-guest-services.vercel.app/tower-a/?room=1113
A,1114,https://emaar-guest-services.vercel.app/tower-a/?room=1114
A,1115,https://emaar-guest-services.vercel.app/tower-a/?room=1115
A,1201,https://emaar-guest-services.vercel.app/tower-a/?room=1201
A,1202,https://emaar-guest-services.vercel.app/tower-a/?room=1202
A,1203,https://emaar-guest-services.vercel.app/tower-a/?room=1203
A,1204,https://emaar-guest-services.vercel.app/tower-a/?room=1204
A,1205,https://emaar-guest-services.vercel.app/tower-a/?room=1205
A,1206,https://emaar-guest-services.vercel.app/tower-a/?room=1206
A,1207,https://emaar-guest-services.vercel.app/tower-a/?room=1207
A,1208,https://emaar-guest-services.vercel.app/tower-a/?room=1208
A,1209,https://emaar-guest-services.vercel.app/tower-a/?room=1209
A,1210,https://emaar-guest-services.vercel.app/tower-a/?room=1210
A,1211,https://emaar-guest-services.vercel.app/tower-a/?room=1211
A,1212,https://emaar-guest-services.vercel.app/tower-a/?room=1212
A,1213,https://emaar-guest-services.vercel.app/tower-a/?room=1213
A,1214,https://emaar-guest-services.vercel.app/tower-a/?room=1214
A,1215,https://emaar-guest-services.vercel.app/tower-a/?room=1215
A,1301,https://emaar-guest-services.vercel.app/tower-a/?room=1301
A,1302,https://emaar-guest-services.vercel.app/tower-a/?room=1302
A,1303,https://emaar-guest-services.vercel.app/tower-a/?room=1303
A,1304,https://emaar-guest-services.vercel.app/tower-a/?room=1304
A,1305,https://emaar-guest-services.vercel.app/tower-a/?room=1305
A,1306,https://emaar-guest-services.vercel.app/tower-a/?room=1306
A,1307,https://emaar-guest-services.vercel.app/tower-a/?room=1307
A,1308,https://emaar-guest-services.vercel.app/tower-a/?room=1308
A,1309,https://emaar-guest-services.vercel.app/tower-a/?room=1309
A,1310,https://emaar-guest-services.vercel.app/tower-a/?room=1310
A,1311,https://emaar-guest-services.vercel.app/tower-a/?room=1311
A,1312,https://emaar-guest-services.vercel.app/tower-a/?room=1312
A,1313,https://emaar-guest-services.vercel.app/tower-a/?room=1313
A,1314,https://emaar-guest-services.vercel.app/tower-a/?room=1314
A,1315,https://emaar-guest-services.vercel.app/tower-a/?room=1315
A,1401,https://emaar-guest-services.vercel.app/tower-a/?room=1401
A,1402,https://emaar-guest-services.vercel.app/tower-a/?room=1402
A,1403,https://emaar-guest-services.vercel.app/tower-a/?room=1403
A,1404,https://emaar-guest-services.vercel.app/tower-a/?room=1404
A,1405,https://emaar-guest-services.vercel.app/tower-a/?room=1405
A,1406,https://emaar-guest-services.vercel.app/tower-a/?room=1406
A,1407,https://emaar-guest-services.vercel.app/tower-a/?room=1407
A,1408,https://emaar-guest-services.vercel.app/tower-a/?room=1408
A,1409,https://emaar-guest-services.vercel.app/tower-a/?room=1409
A,1410,https://emaar-guest-services.vercel.app/tower-a/?room=1410
A,1411,https://emaar-guest-services.vercel.app/tower-a/?room=1411
A,1412,https://emaar-guest-services.vercel.app/tower-a/?room=1412
A,1413,https://emaar-guest-services.vercel.app/tower-a/?room=1413
A,1414,https://emaar-guest-services.vercel.app/tower-a/?room=1414
A,1415,https://emaar-guest-services.vercel.app/tower-a/?room=1415
A,1501,https://emaar-guest-services.vercel.app/tower-a/?room=1501
A,1502,https://emaar-guest-services.vercel.app/tower-a/?room=1502
A,1503,https://emaar-guest-services.vercel.app/tower-a/?room=1503
A,1504,https://emaar-guest-services.vercel.app/tower-a/?room=1504
A,1505,https://emaar-guest-services.vercel.app/tower-a/?room=1505
A,1506,https://emaar-guest-services.vercel.app/tower-a/?room=1506
A,1507,https://emaar-guest-services.vercel.app/tower-a/?room=1507
A,1508,https://emaar-guest-services.vercel.app/tower-a/?room=1508
A,1509,https://emaar-guest-services.vercel.app/tower-a/?room=1509
A,1510,https://emaar-guest-services.vercel.app/tower-a/?room=1510
A,1511,https://emaar-guest-services.vercel.app/tower-a/?room=1511
A,1512,https://emaar-guest-services.vercel.app/tower-a/?room=1512
A,1513,https://emaar-guest-services.vercel.app/tower-a/?room=1513
A,1514,https://emaar-guest-services.vercel.app/tower-a/?room=1514
A,1515,https://emaar-guest-services.vercel.app/tower-a/?room=1515
A,1601,https://emaar-guest-services.vercel.app/tower-a/?room=1601
A,1602,https://emaar-guest-services.vercel.app/tower-a/?room=1602
A,1603,https://emaar-guest-services.vercel.app/tower-a/?room=1603
A,1604,https://emaar-guest-services.vercel.app/tower-a/?room=1604
A,1605,https://emaar-guest-services.vercel.app/tower-a/?room=1605
A,1606,https://emaar-guest-services.vercel.app/tower-a/?room=1606
A,1607,https://emaar-guest-services.vercel.app/tower-a/?room=1607
A,1608,https://emaar-guest-services.vercel.app/tower-a/?room=1608
A,1609,https://emaar-guest-services.vercel.app/tower-a/?room=1609
A,1610,https://emaar-guest-services.vercel.app/tower-a/?room=1610
A,1611,https://emaar-guest-services.vercel.app/tower-a/?room=1611
A,1612,https://emaar-guest-services.vercel.app/tower-a/?room=1612
A,1613,https://emaar-guest-services.vercel.app/tower-a/?room=1613
A,1614,https://emaar-guest-services.vercel.app/tower-a/?room=1614
A,1615,https://emaar-guest-services.vercel.app/tower-a/?room=1615
A,1707,https://emaar-guest-services.vercel.app/tower-a/?room=1707
A,1708,https://emaar-guest-services.vercel.app/tower-a/?room=1708
A,1709,https://emaar-guest-services.vercel.app/tower-a/?room=1709
A,1710,https://emaar-guest-services.vercel.app/tower-a/?room=1710
A,1711,https://emaar-guest-services.vercel.app/tower-a/?room=1711
